module_rel,kind,qualname,lineno,end_lineno
add_test_product_images.py,func,add_test_images_to_products,32,64
add_test_product_images.py,func,create_simple_svg_image,18,30
add_test_product_images.py,func,create_test_image_base64,12,16
add_test_product_images.py,func,verify_images,66,93
admin_logo_management_ui.py,func,convert_uploaded_file_to_base64,72,81
admin_logo_management_ui.py,func,display_logo_preview,83,107
admin_logo_management_ui.py,func,get_unique_brands_from_products,37,52
admin_logo_management_ui.py,func,render_logo_edit_section,288,319
admin_logo_management_ui.py,func,render_logo_management_section,205,286
admin_logo_management_ui.py,func,render_logo_management_ui,321,339
admin_logo_management_ui.py,func,render_logo_positions_tab,341,354
admin_logo_management_ui.py,func,render_logo_statistics_section,356,395
admin_logo_management_ui.py,func,render_logo_upload_section,109,203
admin_logo_management_ui.py,func,validate_image_file,54,70
admin_logo_positions_ui.py,func,render_logo_position_settings,36,192
admin_logo_positions_ui.py,func,render_logo_position_test,194,216
admin_panel.py,func,_dummy_add_company,112,112
admin_panel.py,func,_dummy_add_company_document,117,117
admin_panel.py,func,_dummy_add_product,105,105
admin_panel.py,func,_dummy_delete_company,115,115
admin_panel.py,func,_dummy_delete_company_document,119,119
admin_panel.py,func,_dummy_delete_product,107,107
admin_panel.py,func,_dummy_get_company_by_id,113,113
admin_panel.py,func,_dummy_get_product_by_id,108,108
admin_panel.py,func,_dummy_get_product_by_model_name,109,109
admin_panel.py,func,_dummy_list_companies,111,111
admin_panel.py,func,_dummy_list_company_documents,118,118
admin_panel.py,func,_dummy_list_product_categories,110,110
admin_panel.py,func,_dummy_list_products,104,104
admin_panel.py,func,_dummy_load_admin_setting,93,102
admin_panel.py,func,_dummy_parse_price_matrix_csv,120,122
admin_panel.py,func,_dummy_save_admin_setting,103,103
admin_panel.py,func,_dummy_set_default_company,116,116
admin_panel.py,func,_dummy_update_company,114,114
admin_panel.py,func,_dummy_update_product,106,106
admin_panel.py,func,get_text_local,153,157
admin_panel.py,func,manage_tariff_list_ui,1702,1719
admin_panel.py,func,manage_templates_local,1579,1674
admin_panel.py,func,parse_module_price_matrix_excel,159,200
admin_panel.py,func,render_admin_panel,1721,1834
admin_panel.py,func,render_advanced_settings,1493,1539
admin_panel.py,func,render_api_key_settings,1676,1700
admin_panel.py,func,render_company_crud_tab,202,512
admin_panel.py,func,render_company_image_templates_tab,1981,2100
admin_panel.py,func,render_company_text_templates_tab,1870,1979
admin_panel.py,func,render_general_settings_extended,1263,1334
admin_panel.py,func,render_logo_management_tab,1853,1863
admin_panel.py,func,render_pdf_design_settings,1541,1577
admin_panel.py,func,render_price_matrix,1336,1423
admin_panel.py,func,render_product_management,516,1252
admin_panel.py,func,render_tariff_management,1425,1463
admin_panel.py,func,render_visualization_settings,1465,1491
ai_companion.py,func,get_ai_companion_status,312,318
ai_companion.py,func,render_ai_companion,304,306
ai_companion.py,func,render_ai_status,308,310
ai_companion.py,class,DeepSeekCompanion,13,299
ai_companion.py,method,DeepSeekCompanion.__init__,16,20
ai_companion.py,method,DeepSeekCompanion.call_deepseek_api,64,127
ai_companion.py,method,DeepSeekCompanion.get_solar_context,38,62
ai_companion.py,method,DeepSeekCompanion.initialize_session_state,22,31
ai_companion.py,method,DeepSeekCompanion.process_message,282,290
ai_companion.py,method,DeepSeekCompanion.render_chat_interface,204,280
ai_companion.py,method,DeepSeekCompanion.render_companion_interface,148,202
ai_companion.py,method,DeepSeekCompanion.render_floating_window,129,146
ai_companion.py,method,DeepSeekCompanion.render_status_indicator,292,299
ai_companion.py,method,DeepSeekCompanion.set_api_key,33,36
analysis.py,func,_add_chart_controls,1924,2022
analysis.py,func,_apply_custom_style_to_fig,1601,1696
analysis.py,func,_apply_shadcn_like_theme,1763,1832
analysis.py,func,_compute_annual_cost_series,1905,1921
analysis.py,func,_create_chart_by_type,1129,1300
analysis.py,func,_create_cumulative_cashflow_chart,4806,4927
analysis.py,func,_create_electricity_cost_projection_chart,4681,4803
analysis.py,func,_create_kpi_card,959,961
analysis.py,func,_create_monthly_production_consumption_chart,4504,4678
analysis.py,func,_ensure_plotly_chart_unwrapped,145,160
analysis.py,func,_export_plotly_fig_to_bytes,1701,1733
analysis.py,func,_get_baseline_annual_costs_without_pv,1835,1903
analysis.py,func,_get_default_viz_settings,964,973
analysis.py,func,_get_visualization_settings,989,1008
analysis.py,func,_render_consumption_coverage_pie,4930,5065
analysis.py,func,_render_energy_section,837,902
analysis.py,func,_render_environment_section,911,933
analysis.py,func,_render_financial_section,795,835
analysis.py,func,_render_overview_section,338,793
analysis.py,func,_render_pv_usage_pie,5068,5215
analysis.py,func,_render_technical_section,904,909
analysis.py,func,_safe_viz_get,1592,1598
analysis.py,func,create_four_type_chart,1303,1360
analysis.py,func,create_multi_series_2d_chart,1363,1589
analysis.py,func,create_universal_2d_chart,1014,1126
analysis.py,func,format_kpi_value,214,252
analysis.py,func,get_financing_data_summary,6739,6766
analysis.py,func,get_pricing_modifications_data,5218,5277
analysis.py,func,get_text,206,211
analysis.py,func,integrate_advanced_calculations,5280,5411
analysis.py,func,load_viz_settings,976,986
analysis.py,func,prepare_advanced_calculations_for_pdf_export,8594,8734
analysis.py,func,prepare_financing_data_for_pdf_export,6637,6736
analysis.py,func,render_advanced_calculations_section,8737,8773
analysis.py,func,render_advanced_comparison_analysis,9105,9216
analysis.py,func,render_advanced_economics,5415,5572
analysis.py,func,render_advanced_energy_analysis,8875,8966
analysis.py,func,render_advanced_environmental_analysis,8969,9044
analysis.py,func,render_advanced_financial_analysis,8776,8872
analysis.py,func,render_advanced_technical_analysis,9047,9102
analysis.py,func,render_analysis,6866,7816
analysis.py,func,render_co2_savings_value_switcher,3527,3665
analysis.py,func,render_cost_growth_switcher,3987,4060
analysis.py,func,render_daily_production_switcher,2024,2095
analysis.py,func,render_detailed_energy_analysis,5575,5746
analysis.py,func,render_environmental_calculations,6236,6406
analysis.py,func,render_extended_calculations_dashboard,2958,3513
analysis.py,func,render_feed_in_revenue_switcher,2372,2486
analysis.py,func,render_financial_scenarios,6011,6233
analysis.py,func,render_financing_analysis,7819,8591
analysis.py,func,render_income_projection_switcher,4434,4501
analysis.py,func,render_investment_value_switcher,3668,3773
analysis.py,func,render_optimization_suggestions,6409,6630
analysis.py,func,render_pricing_modifications_ui,6769,6861
analysis.py,func,render_production_vs_consumption_switcher,2489,2713
analysis.py,func,render_project_roi_matrix_switcher,2295,2369
analysis.py,func,render_roi_comparison_switcher,4167,4238
analysis.py,func,render_scenario_comparison_switcher,4241,4321
analysis.py,func,render_selfuse_ratio_switcher,4063,4164
analysis.py,func,render_selfuse_stack_switcher,3878,3984
analysis.py,func,render_storage_effect_switcher,3776,3875
analysis.py,func,render_tariff_comparison_switcher,4324,4431
analysis.py,func,render_tariff_cube_switcher,2715,2812
analysis.py,func,render_technical_calculations,5749,6008
analysis.py,func,render_weekly_production_switcher,2143,2192
analysis.py,func,render_yearly_production_switcher,2195,2292
analysis_utils.py,func,calculate_compound_growth,268,285
analysis_utils.py,func,calculate_percentage_change,171,185
analysis_utils.py,func,calculate_present_value,288,305
analysis_utils.py,func,create_comparison_metrics,337,375
analysis_utils.py,func,create_scenario_variations,242,265
analysis_utils.py,func,extract_numeric_value,308,334
analysis_utils.py,func,format_currency,35,62
analysis_utils.py,func,format_duration,112,137
analysis_utils.py,func,format_energy,65,92
analysis_utils.py,func,format_percentage,95,109
analysis_utils.py,func,generate_summary_statistics,378,416
analysis_utils.py,func,get_text,17,32
analysis_utils.py,func,interpolate_monthly_values,212,239
analysis_utils.py,func,safe_divide,188,209
analysis_utils.py,func,validate_numeric_input,140,168
app_status.py,func,add_error,11,15
brand_logo_db.py,func,add_brand_logo,42,93
brand_logo_db.py,func,create_brand_logos_table,20,40
brand_logo_db.py,func,deactivate_brand_logo,339,369
brand_logo_db.py,func,delete_brand_logo,189,215
brand_logo_db.py,func,get_brand_logo,95,139
brand_logo_db.py,func,get_logos_for_brands,288,337
brand_logo_db.py,func,list_all_brand_logos,141,187
brand_logo_db.py,func,update_logo_position,246,286
brand_logo_db.py,func,upload_logo_from_file,217,244
calculations.py,func,Dummy_get_product_by_id_calc,185,186
calculations.py,func,Dummy_get_product_by_model_name_calc,189,190
calculations.py,func,Dummy_list_products_calc,181,182
calculations.py,func,Dummy_load_admin_setting_calc,41,178
calculations.py,func,_hash_bytes,248,256
calculations.py,func,_hash_text,258,266
calculations.py,func,calculate_offer_details,4197,4269
calculations.py,func,convert_orientation_to_pvgis_azimuth,2115,2151
calculations.py,func,format_kpi_value,2053,2112
calculations.py,func,get_pvgis_data,2154,2328
calculations.py,func,load_price_matrix_df_with_cache,268,309
calculations.py,func,parse_module_price_matrix_csv,312,423
calculations.py,func,parse_module_price_matrix_excel,426,480
calculations.py,func,perform_calculations,2331,3905
calculations.py,class,AdvancedCalculationsIntegrator,483,2048
calculations.py,class,BreakEvenAnalysis,3969,4038
calculations.py,class,EnergyPriceComparison,4041,4085
calculations.py,class,MaintenanceMonitoring,4146,4194
calculations.py,class,TechnicalDegradation,4088,4143
calculations.py,method,AdvancedCalculationsIntegrator.__init__,486,559
calculations.py,method,AdvancedCalculationsIntegrator._calculate_battery_cycles,685,713
calculations.py,method,AdvancedCalculationsIntegrator._calculate_carbon_footprint,828,862
calculations.py,method,AdvancedCalculationsIntegrator._calculate_degradation,561,584
calculations.py,method,AdvancedCalculationsIntegrator._calculate_dynamic_pricing,926,979
calculations.py,method,AdvancedCalculationsIntegrator._calculate_energy_independence,981,1038
calculations.py,method,AdvancedCalculationsIntegrator._calculate_grid_interaction,637,683
calculations.py,method,AdvancedCalculationsIntegrator._calculate_maintenance,760,826
calculations.py,method,AdvancedCalculationsIntegrator._calculate_peak_shaving,864,924
calculations.py,method,AdvancedCalculationsIntegrator._calculate_shading,586,635
calculations.py,method,AdvancedCalculationsIntegrator._calculate_weather_impact,715,758
calculations.py,method,AdvancedCalculationsIntegrator.calculate_detailed_co2_analysis,1841,1896
calculations.py,method,AdvancedCalculationsIntegrator.calculate_detailed_energy_flows,1344,1415
calculations.py,method,AdvancedCalculationsIntegrator.calculate_inverter_efficiency,1602,1676
calculations.py,method,AdvancedCalculationsIntegrator.calculate_irr_advanced,1310,1342
calculations.py,method,AdvancedCalculationsIntegrator.calculate_lcoe_advanced,1239,1292
calculations.py,method,AdvancedCalculationsIntegrator.calculate_load_profile_analysis,1417,1508
calculations.py,method,AdvancedCalculationsIntegrator.calculate_npv_sensitivity,1294,1308
calculations.py,method,AdvancedCalculationsIntegrator.calculate_optimization_impact,1986,2048
calculations.py,method,AdvancedCalculationsIntegrator.calculate_recycling_potential,1190,1237
calculations.py,method,AdvancedCalculationsIntegrator.calculate_shading_analysis,1510,1564
calculations.py,method,AdvancedCalculationsIntegrator.calculate_subsidy_scenarios,1742,1839
calculations.py,method,AdvancedCalculationsIntegrator.calculate_temperature_effects,1566,1600
calculations.py,method,AdvancedCalculationsIntegrator.generate_optimization_suggestions,1898,1984
calculations.py,method,AdvancedCalculationsIntegrator.run_monte_carlo_simulation,1678,1740
calculations.py,method,BreakEvenAnalysis.__init__,3972,3982
calculations.py,method,BreakEvenAnalysis.calculate_scenarios,3984,4038
calculations.py,method,EnergyPriceComparison.__init__,4044,4056
calculations.py,method,EnergyPriceComparison.compare_tariffs,4058,4085
calculations.py,method,MaintenanceMonitoring.__init__,4149,4151
calculations.py,method,MaintenanceMonitoring.generate_maintenance_schedule,4153,4194
calculations.py,method,TechnicalDegradation.__init__,4091,4101
calculations.py,method,TechnicalDegradation.calculate_degradation,4103,4143
calculations_extended.py,func,analyze_investment_scenarios,325,329
calculations_extended.py,func,analyze_risk,335,337
calculations_extended.py,func,calculate_alternative_investment_value,145,147
calculations_extended.py,func,calculate_annual_cost_savings,109,111
calculations_extended.py,func,calculate_annual_energy_yield,85,87
calculations_extended.py,func,calculate_annual_equity_return,386,389
calculations_extended.py,func,calculate_area_specific_yield,208,211
calculations_extended.py,func,calculate_autarky_degree,99,102
calculations_extended.py,func,calculate_battery_lifespan_years,308,311
calculations_extended.py,func,calculate_break_even_year,172,175
calculations_extended.py,func,calculate_co2_avoidance_per_year,360,362
calculations_extended.py,func,calculate_co2_payback_time,371,376
calculations_extended.py,func,calculate_co2_savings,121,123
calculations_extended.py,func,calculate_costs_after_funding,283,285
calculations_extended.py,func,calculate_cumulative_co2_savings,317,319
calculations_extended.py,func,calculate_cumulative_savings,149,151
calculations_extended.py,func,calculate_dc_ac_oversizing_factor,224,227
calculations_extended.py,func,calculate_degradation_yield,233,235
calculations_extended.py,func,calculate_dynamic_payback_period,36,49
calculations_extended.py,func,calculate_effective_pv_electricity_price,125,128
calculations_extended.py,func,calculate_emergency_power_capacity,304,306
calculations_extended.py,func,calculate_energy_payback_time,365,368
calculations_extended.py,func,calculate_feed_in_tariff_revenue,113,115
calculations_extended.py,func,calculate_grid_connection_costs,287,289
calculations_extended.py,func,calculate_internal_rate_of_return,58,65
calculations_extended.py,func,calculate_irr,138,143
calculations_extended.py,func,calculate_lcoe,350,357
calculations_extended.py,func,calculate_linear_depreciation,278,281
calculations_extended.py,func,calculate_load_shifting_potential,254,256
calculations_extended.py,func,calculate_net_present_value,52,55
calculations_extended.py,func,calculate_npv,132,136
calculations_extended.py,func,calculate_optimal_storage_size,249,252
calculations_extended.py,func,calculate_payback_period,104,107
calculations_extended.py,func,calculate_peak_shaving_effect,339,341
calculations_extended.py,func,calculate_performance_ratio,190,201
calculations_extended.py,func,calculate_plant_expansion,331,333
calculations_extended.py,func,calculate_power_after_degradation,158,160
calculations_extended.py,func,calculate_profit_after_x_years,392,394
calculations_extended.py,func,calculate_profitability_index,343,347
calculations_extended.py,func,calculate_pv_coverage_for_heatpump,258,261
calculations_extended.py,func,calculate_pv_module_efficiency,213,217
calculations_extended.py,func,calculate_residual_value,274,276
calculations_extended.py,func,calculate_roe,263,266
calculations_extended.py,func,calculate_roof_usage,166,170
calculations_extended.py,func,calculate_self_consumption_increase_with_storage,241,245
calculations_extended.py,func,calculate_self_consumption_quote,94,97
calculations_extended.py,func,calculate_shading_loss,219,222
calculations_extended.py,func,calculate_specific_yield,203,206
calculations_extended.py,func,calculate_storage_coverage_degree,153,156
calculations_extended.py,func,calculate_temperature_corrected_power,229,231
calculations_extended.py,func,calculate_total_maintenance_costs,237,239
calculations_extended.py,func,calculate_total_roi,379,383
calculations_extended.py,func,calculate_total_yield_over_lifetime,117,119
calculations_extended.py,func,calculate_value_after_inflation,321,323
calculations_extended.py,func,calculate_yield_after_inverter_degradation,300,302
calculations_extended.py,func,check_debt_service_capability,268,272
calculations_extended.py,func,compare_pv_vs_balcony,291,296
calculations_extended.py,func,compare_scenarios,177,186
calculations_extended.py,func,run_all_extended_analyses,397,424
calculations_extended.py,func,simulate_electricity_price_increase,162,164
calculations_extended.py,func,simulate_ev_charging_profile,313,315
calculations_heatpump.py,func,calculate_annual_energy_consumption,61,77
calculations_heatpump.py,func,calculate_building_heat_load,11,42
calculations_heatpump.py,func,calculate_heatpump_economics,79,136
calculations_heatpump.py,func,calculate_heatpump_sizing,138,175
calculations_heatpump.py,func,estimate_annual_heat_demand_kwh_from_consumption,201,231
calculations_heatpump.py,func,estimate_heat_load_kw_from_annual_demand,233,237
calculations_heatpump.py,func,get_default_heating_system_efficiency,197,199
calculations_heatpump.py,func,recommend_heat_pump,44,59
central_pdf_system.py,func,cleanup_old_pdf_session_state,2095,2115
central_pdf_system.py,func,get_central_pdf_status,2086,2093
central_pdf_system.py,func,render_central_pdf_ui,2121,2149
central_pdf_system.py,func,show_pdf_system_status,2159,2189
central_pdf_system.py,class,CentralPDFInterface,679,2080
central_pdf_system.py,class,PDFSystemManager,26,670
central_pdf_system.py,method,CentralPDFInterface.__init__,682,685
central_pdf_system.py,method,CentralPDFInterface._get_chart_mapping,761,776
central_pdf_system.py,method,CentralPDFInterface._initialize_session_state,687,759
central_pdf_system.py,method,CentralPDFInterface.generate_pdf_central,1881,1948
central_pdf_system.py,method,CentralPDFInterface.render_content_options,844,1804
central_pdf_system.py,method,CentralPDFInterface.render_layout_selector,778,842
central_pdf_system.py,method,CentralPDFInterface.render_main_interface,1950,2080
central_pdf_system.py,method,CentralPDFInterface.render_template_selection,1806,1879
central_pdf_system.py,method,PDFSystemManager.__init__,29,32
central_pdf_system.py,method,PDFSystemManager._create_safe_inclusion_options,58,74
central_pdf_system.py,method,PDFSystemManager._dummy_mega_hybrid_pdf,199,245
central_pdf_system.py,method,PDFSystemManager._dummy_preview,247,270
central_pdf_system.py,method,PDFSystemManager._dummy_standard_pdf,139,156
central_pdf_system.py,method,PDFSystemManager._dummy_tom90_pdf,158,197
central_pdf_system.py,method,PDFSystemManager._initialize_systems,76,137
central_pdf_system.py,method,PDFSystemManager._sanitize_xml_content,34,56
central_pdf_system.py,method,PDFSystemManager._try_business_sections_pdf,342,399
central_pdf_system.py,method,PDFSystemManager._try_emergency_fallback,449,537
central_pdf_system.py,method,PDFSystemManager._try_standard_pdf_generator,272,340
central_pdf_system.py,method,PDFSystemManager._try_tom90_exact_renderer,401,447
central_pdf_system.py,method,PDFSystemManager.generate_pdf,557,612
central_pdf_system.py,method,PDFSystemManager.get_best_available_system,539,555
central_pdf_system.py,method,PDFSystemManager.get_system,614,616
central_pdf_system.py,method,PDFSystemManager.get_system_status,618,670
check_product_image_details.py,func,check_product_image_details,5,65
check_product_images.py,func,check_product_images,4,37
clean_unicode_emojis.py,func,clean_unicode_emojis,14,111
clean_unicode_emojis.py,func,verify_xml_cleanliness,114,181
components/progress_demo.py,func,main,16,169
components/progress_manager.py,func,create_progress_bar,398,400
components/progress_manager.py,func,progress,393,396
components/progress_manager.py,func,set_progress_colors,388,390
components/progress_manager.py,func,set_progress_style,384,386
components/progress_manager.py,func,with_progress,403,418
components/progress_manager.py,class,ProgressBar,309,378
components/progress_manager.py,class,ProgressConfig,22,32
components/progress_manager.py,class,ProgressManager,34,307
components/progress_manager.py,class,ProgressStyle,13,19
components/progress_manager.py,method,ProgressBar.__init__,312,321
components/progress_manager.py,method,ProgressBar._initialize,323,327
components/progress_manager.py,method,ProgressBar._render,350,378
components/progress_manager.py,method,ProgressBar.complete,345,348
components/progress_manager.py,method,ProgressBar.increment,341,343
components/progress_manager.py,method,ProgressBar.set_max,336,339
components/progress_manager.py,method,ProgressBar.update,329,334
components/progress_manager.py,method,ProgressManager.__init__,37,40
components/progress_manager.py,method,ProgressManager._get_shadcn_animated_css,220,262
components/progress_manager.py,method,ProgressManager._get_shadcn_default_css,141,161
components/progress_manager.py,method,ProgressManager._get_shadcn_gradient_css,186,218
components/progress_manager.py,method,ProgressManager._get_shadcn_minimal_css,163,184
components/progress_manager.py,method,ProgressManager._get_shadcn_modern_css,264,307
components/progress_manager.py,method,ProgressManager._initialize_session_state,42,47
components/progress_manager.py,method,ProgressManager.create_progress_bar,80,95
components/progress_manager.py,method,ProgressManager.get_style_css,97,139
components/progress_manager.py,method,ProgressManager.progress_context,64,78
components/progress_manager.py,method,ProgressManager.set_colors,54,61
components/progress_manager.py,method,ProgressManager.set_style,49,52
components/progress_settings.py,func,demo_progress_bar,129,160
components/progress_settings.py,func,render_progress_settings,7,127
components/progress_settings.py,func,render_quick_themes,191,206
create_png_test_images.py,func,create_png_test_image,13,51
create_png_test_images.py,func,update_products_with_png,53,79
crm.py,func,create_tables_crm,49,147
crm.py,func,delete_customer,192,197
crm.py,func,delete_project,237,241
crm.py,func,get_text_crm,46,47
crm.py,func,load_all_customers,199,203
crm.py,func,load_customer,186,190
crm.py,func,load_project,231,235
crm.py,func,load_projects_for_customer,243,247
crm.py,func,render_crm,250,739
crm.py,func,save_customer,149,184
crm.py,func,save_project,205,229
crm_calendar_ui.py,func,render_crm_calendar,543,548
crm_calendar_ui.py,class,CRMCalendar,19,541
crm_calendar_ui.py,method,CRMCalendar.__init__,22,30
crm_calendar_ui.py,method,CRMCalendar._create_appointment,497,525
crm_calendar_ui.py,method,CRMCalendar._delete_appointment,527,541
crm_calendar_ui.py,method,CRMCalendar._get_appointments_for_month,351,415
crm_calendar_ui.py,method,CRMCalendar._get_filtered_appointments,417,495
crm_calendar_ui.py,method,CRMCalendar._render_appointment_card,308,349
crm_calendar_ui.py,method,CRMCalendar._render_appointment_list,260,306
crm_calendar_ui.py,method,CRMCalendar._render_calendar_grid,106,156
crm_calendar_ui.py,method,CRMCalendar._render_calendar_view,52,104
crm_calendar_ui.py,method,CRMCalendar._render_new_appointment_form,158,258
crm_calendar_ui.py,method,CRMCalendar.render_calendar_interface,32,50
crm_dashboard_ui.py,func,render_crm_dashboard,32,67
crm_dashboard_ui.py,func,render_customer_details,203,226
crm_dashboard_ui.py,func,render_customers_section,136,201
crm_dashboard_ui.py,func,render_overview_section,69,134
crm_dashboard_ui.py,func,render_projects_section,228,269
crm_dashboard_ui.py,func,render_revenue_section,271,324
crm_dashboard_ui.py,func,render_statistics_section,326,385
crm_dashboard_ui.py,func,show_crm_dashboard,388,390
crm_pipeline_ui.py,func,render_crm_pipeline,822,827
crm_pipeline_ui.py,class,CRMPipeline,18,820
crm_pipeline_ui.py,method,CRMPipeline.__init__,21,70
crm_pipeline_ui.py,method,CRMPipeline._create_lead,708,739
crm_pipeline_ui.py,method,CRMPipeline._delete_lead,761,775
crm_pipeline_ui.py,method,CRMPipeline._get_analytics_data,790,820
crm_pipeline_ui.py,method,CRMPipeline._get_filtered_leads,651,706
crm_pipeline_ui.py,method,CRMPipeline._get_leads_by_stage,558,617
crm_pipeline_ui.py,method,CRMPipeline._get_next_stage,777,788
crm_pipeline_ui.py,method,CRMPipeline._get_pipeline_statistics,517,556
crm_pipeline_ui.py,method,CRMPipeline._get_recent_closed_leads,619,649
crm_pipeline_ui.py,method,CRMPipeline._render_lead_detail_card,330,398
crm_pipeline_ui.py,method,CRMPipeline._render_lead_list,288,328
crm_pipeline_ui.py,method,CRMPipeline._render_new_lead_form,214,286
crm_pipeline_ui.py,method,CRMPipeline._render_pipeline_analytics,400,459
crm_pipeline_ui.py,method,CRMPipeline._render_pipeline_funnel,461,487
crm_pipeline_ui.py,method,CRMPipeline._render_pipeline_lead_card,188,212
crm_pipeline_ui.py,method,CRMPipeline._render_pipeline_overview,95,186
crm_pipeline_ui.py,method,CRMPipeline._render_source_performance,500,514
crm_pipeline_ui.py,method,CRMPipeline._render_trend_analysis,489,498
crm_pipeline_ui.py,method,CRMPipeline._update_lead_stage,741,759
crm_pipeline_ui.py,method,CRMPipeline.render_pipeline_interface,72,93
data_input.py,func,Dummy_get_db_connection_input,31,31
data_input.py,func,Dummy_get_product_by_id_input,34,34
data_input.py,func,Dummy_get_product_by_model_name_input,33,33
data_input.py,func,Dummy_list_products_input,32,32
data_input.py,func,Dummy_load_admin_setting_input,35,39
data_input.py,func,get_Maps_satellite_image_url,136,149
data_input.py,func,get_coordinates_from_address_google,101,134
data_input.py,func,get_text_di,24,27
data_input.py,func,parse_full_address_string,63,98
data_input.py,func,render_data_input,152,818
database.py,func,_add_company_id_to_products_table,950,959
database.py,func,_create_admin_settings_table_v1,828,837
database.py,func,_create_companies_table_v12,854,864
database.py,func,_create_company_documents_table_v12,866,880
database.py,func,_create_company_templates_tables_v14,892,928
database.py,func,_create_customer_documents_table,32,52
database.py,func,_create_pdf_templates_table_v13,882,890
database.py,func,_create_products_table_v2,839,852
database.py,func,_ensure_admin_table,347,360
database.py,func,_ensure_column_exists,930,948
database.py,func,add_company,1224,1315
database.py,func,add_company_document,1441,1468
database.py,func,add_company_image_template,1494,1545
database.py,func,add_company_text_template,1472,1492
database.py,func,add_customer_document,63,97
database.py,func,add_default_technique_for_company,1758,1790
database.py,func,add_heat_pump,622,629
database.py,func,add_pdf_template,1157,1168
database.py,func,backup_database,292,304
database.py,func,cleanup_orphaned_files,655,710
database.py,func,create_customer,1862,1904
database.py,func,create_heat_pumps_table,597,614
database.py,func,delete_company,1378,1400
database.py,func,delete_company_document,1736,1756
database.py,func,delete_company_image_template,1649,1676
database.py,func,delete_company_text_template,1633,1647
database.py,func,delete_customer_document,151,177
database.py,func,delete_heat_pump,640,645
database.py,func,delete_pdf_template,1208,1217
database.py,func,ensure_customer_documents_table,54,61
database.py,func,export_admin_settings,320,344
database.py,func,get_active_company,1416,1439
database.py,func,get_all_active_customers,1805,1860
database.py,func,get_all_heat_pumps,616,620
database.py,func,get_brand_logo,400,445
database.py,func,get_company,1328,1337
database.py,func,get_company_documents,1792,1803
database.py,func,get_company_image_template_data,1609,1631
database.py,func,get_customer_by_id,1958,2011
database.py,func,get_customer_document_file_path,133,149
database.py,func,get_database_statistics,460,506
database.py,func,get_db_connection,267,273
database.py,func,get_pdf_template,1184,1193
database.py,func,get_pdf_template_by_name,276,290
database.py,func,import_admin_settings,447,458
database.py,func,init_db,961,1093
database.py,func,list_companies,1317,1326
database.py,func,list_company_documents,1718,1734
database.py,func,list_company_image_templates,1575,1607
database.py,func,list_company_text_templates,1547,1573
database.py,func,list_customer_documents,99,131
database.py,func,list_pdf_templates,1170,1182
database.py,func,load_admin_setting,1095,1118
database.py,func,reset_database,712,732
database.py,func,restore_database,306,318
database.py,func,save_admin_setting,1120,1155
database.py,func,set_default_company,1402,1414
database.py,func,update_company,1339,1376
database.py,func,update_company_image_template,1698,1716
database.py,func,update_company_text_template,1678,1696
database.py,func,update_customer,1906,1956
database.py,func,update_heat_pump,631,638
database.py,func,update_pdf_template,1195,1206
database.py,func,validate_database_integrity,508,593
debug_logo_pdf.py,func,test_logo_rendering_debug,14,105
debug_logo_rendering.py,func,test_logo_debug,14,104
debug_page3_check.py,func,main,32,69
doc_output.py,func,_dummy_generate_offer_pdf,51,55
doc_output.py,func,_dummy_get_active_company_details,56,57
doc_output.py,func,_dummy_list_company_documents,58,59
doc_output.py,func,_dummy_load_admin_setting_pdf_ui,42,49
doc_output.py,func,_dummy_save_admin_setting_pdf_ui,50,50
doc_output.py,func,_show_pdf_data_status,81,155
doc_output.py,func,get_text_pdf_ui,76,79
doc_output.py,func,render_pdf_ui,157,2396
doc_output.py,func,show_pdf_generation_ui_with_status,2398,2450
excel_eval.py,func,_engine_auto,137,158
excel_eval.py,func,_evaluate_many,160,197
excel_eval.py,func,_print_json,360,361
excel_eval.py,func,_value_type_of,42,62
excel_eval.py,func,batch_export,240,273
excel_eval.py,func,excel_round,15,21
excel_eval.py,func,excel_serial_to_date,23,30
excel_eval.py,func,export_formulas_to_csv,201,216
excel_eval.py,func,export_formulas_to_xlsx,218,236
excel_eval.py,func,main_cli,363,413
excel_eval.py,func,safety_check_parity,286,356
excel_eval.py,func,scan_formulas_openpyxl,66,87
excel_eval.py,class,ExcelEngineHeadless,122,133
excel_eval.py,class,ExcelEngineXlwings,91,118
excel_eval.py,class,FormulaRow,35,40
excel_eval.py,class,Mismatch,278,284
excel_eval.py,method,ExcelEngineHeadless.__init__,126,130
excel_eval.py,method,ExcelEngineHeadless.evaluate,132,133
excel_eval.py,method,ExcelEngineXlwings.__init__,95,108
excel_eval.py,method,ExcelEngineXlwings.close,114,118
excel_eval.py,method,ExcelEngineXlwings.value,110,112
financial_tools.py,func,_get_financing_recommendation,176,196
financial_tools.py,func,calculate_annuity,14,69
financial_tools.py,func,calculate_capital_gains_tax,198,225
financial_tools.py,func,calculate_contracting_costs,227,248
financial_tools.py,func,calculate_depreciation,110,146
financial_tools.py,func,calculate_financing_comparison,148,174
financial_tools.py,func,calculate_leasing_costs,71,108
german_formatting.py,func,format_ct_kwh,54,56
german_formatting.py,func,format_currency,34,36
german_formatting.py,func,format_german_number,9,32
german_formatting.py,func,format_kwh,42,44
german_formatting.py,func,format_kwp,46,48
german_formatting.py,func,format_percentage,38,40
german_formatting.py,func,format_years,50,52
gui.py,func,get_text_gui,119,123
gui.py,func,import_module_with_fallback,106,117
gui.py,func,initialize_database_once,125,134
gui.py,func,main,188,713
gui.py,func,render_live_cost_preview,136,186
heatpump_pricing.py,func,_norm,62,63
heatpump_pricing.py,func,apply_discounts_and_surcharges,103,117
heatpump_pricing.py,func,build_full_heatpump_offer,193,219
heatpump_pricing.py,func,calculate_annuity_loan,159,189
heatpump_pricing.py,func,calculate_base_price,91,100
heatpump_pricing.py,func,calculate_beg_subsidy,131,155
heatpump_pricing.py,func,extract_placeholders_from_offer,223,265
heatpump_pricing.py,func,load_heatpump_components,66,87
heatpump_pricing.py,class,BegConfig,122,128
heatpump_pricing.py,class,ComponentCost,28,50
heatpump_pricing.py,method,ComponentCost.labor_cost_net,37,38
heatpump_pricing.py,method,ComponentCost.to_dict,44,50
heatpump_pricing.py,method,ComponentCost.total_net,41,42
heatpump_ui.py,func,get_heatpump_database,1210,1253
heatpump_ui.py,func,render_building_analysis,105,316
heatpump_ui.py,func,render_components_offer_tab,1089,1208
heatpump_ui.py,func,render_economics_analysis,471,688
heatpump_ui.py,func,render_heatpump,1261,1270
heatpump_ui.py,func,render_heatpump_analysis,37,103
heatpump_ui.py,func,render_heatpump_selection,318,469
heatpump_ui.py,func,render_pv_integration,690,844
heatpump_ui.py,func,render_results_summary,846,1087
heatpump_ui.py,func,show_heatpump_analysis,1256,1258
info_platform.py,func,render_info_platform,22,53
live_calculation_engine.py,func,calculate_correct_live_values,10,92
live_calculation_engine.py,func,get_admin_feed_in_tariff,94,103
live_preview_helpers.py,func,_calculate_amortization_time,72,78
live_preview_helpers.py,func,_calculate_electricity_costs_projection,44,55
live_preview_helpers.py,func,_calculate_electricity_costs_with_pv_projection,57,70
live_preview_helpers.py,func,_calculate_final_price_with_modifications,21,42
live_preview_helpers.py,func,_format_german_number,80,91
live_preview_helpers.py,func,_get_emoji,112,114
live_preview_helpers.py,func,_get_pricing_modifications_from_session,12,19
live_preview_helpers.py,func,format_kpi_value,93,110
live_preview_helpers.py,func,render_live_cost_preview,116,222
locales.py,func,get_text,64,87
locales.py,func,load_translations,16,62
map_integration.py,func,get_coordinates_from_address,11,17
map_integration.py,func,render_3d_roof_viz,27,31
map_integration.py,func,render_interactive_map,20,22
migrate_logo_database.py,func,migrate_logo_database,11,63
multi_offer_generator.py,func,get_text_mog,47,49
multi_offer_generator.py,func,main,1248,1251
multi_offer_generator.py,func,render_multi_offer_generator,1189,1245
multi_offer_generator.py,class,MultiCompanyOfferGenerator,52,1185
multi_offer_generator.py,method,MultiCompanyOfferGenerator.__init__,55,59
multi_offer_generator.py,method,MultiCompanyOfferGenerator._create_zip_download,1151,1163
multi_offer_generator.py,method,MultiCompanyOfferGenerator._generate_company_pdf,985,1149
multi_offer_generator.py,method,MultiCompanyOfferGenerator._prepare_offer_data,886,983
multi_offer_generator.py,method,MultiCompanyOfferGenerator.apply_price_scaling,807,884
multi_offer_generator.py,method,MultiCompanyOfferGenerator.generate_multi_offers,573,743
multi_offer_generator.py,method,MultiCompanyOfferGenerator.get_available_companies,96,102
multi_offer_generator.py,method,MultiCompanyOfferGenerator.get_rotated_products_for_company,745,805
multi_offer_generator.py,method,MultiCompanyOfferGenerator.initialize_session_state,61,76
multi_offer_generator.py,method,MultiCompanyOfferGenerator.load_all_products,78,94
multi_offer_generator.py,method,MultiCompanyOfferGenerator.render_company_selection,172,283
multi_offer_generator.py,method,MultiCompanyOfferGenerator.render_customer_input,104,170
multi_offer_generator.py,method,MultiCompanyOfferGenerator.render_offer_configuration,285,571
multi_offer_generator.py,method,MultiCompanyOfferGenerator.render_ui,1165,1185
multi_offer_generator_new.py,func,get_text_mog,47,49
multi_offer_generator_new.py,func,main,1248,1251
multi_offer_generator_new.py,func,render_multi_offer_generator,1189,1245
multi_offer_generator_new.py,class,MultiCompanyOfferGenerator,52,1185
multi_offer_generator_new.py,method,MultiCompanyOfferGenerator.__init__,55,59
multi_offer_generator_new.py,method,MultiCompanyOfferGenerator._create_zip_download,1151,1163
multi_offer_generator_new.py,method,MultiCompanyOfferGenerator._generate_company_pdf,985,1149
multi_offer_generator_new.py,method,MultiCompanyOfferGenerator._prepare_offer_data,886,983
multi_offer_generator_new.py,method,MultiCompanyOfferGenerator.apply_price_scaling,807,884
multi_offer_generator_new.py,method,MultiCompanyOfferGenerator.generate_multi_offers,573,743
multi_offer_generator_new.py,method,MultiCompanyOfferGenerator.get_available_companies,96,102
multi_offer_generator_new.py,method,MultiCompanyOfferGenerator.get_rotated_products_for_company,745,805
multi_offer_generator_new.py,method,MultiCompanyOfferGenerator.initialize_session_state,61,76
multi_offer_generator_new.py,method,MultiCompanyOfferGenerator.load_all_products,78,94
multi_offer_generator_new.py,method,MultiCompanyOfferGenerator.render_company_selection,172,283
multi_offer_generator_new.py,method,MultiCompanyOfferGenerator.render_customer_input,104,170
multi_offer_generator_new.py,method,MultiCompanyOfferGenerator.render_offer_configuration,285,571
multi_offer_generator_new.py,method,MultiCompanyOfferGenerator.render_ui,1165,1185
multi_offer_generator_old.py,func,ensure_output_directory_exists,589,600
multi_offer_generator_old.py,func,generate_filename,603,626
multi_offer_generator_old.py,func,get_text_mog,411,412
multi_offer_generator_old.py,func,process_multiple_offers,629,704
multi_offer_generator_old.py,func,render_enhanced_multi_offer_page,1255,1471
multi_offer_generator_old.py,func,render_multi_offer_generator,807,887
multi_offer_generator_old.py,func,render_product_selection,889,890
multi_offer_generator_old.py,class,EnhancedMultiOfferGenerator,921,1253
multi_offer_generator_old.py,class,MultiCompanyOfferGenerator,415,587
multi_offer_generator_old.py,method,EnhancedMultiOfferGenerator.__init__,924,926
multi_offer_generator_old.py,method,EnhancedMultiOfferGenerator.create_zip_with_all_pdfs,1226,1253
multi_offer_generator_old.py,method,EnhancedMultiOfferGenerator.generate_all_pdfs_parallel,1180,1224
multi_offer_generator_old.py,method,EnhancedMultiOfferGenerator.generate_pdf_for_company,1112,1178
multi_offer_generator_old.py,method,EnhancedMultiOfferGenerator.initialize_session_state,928,943
multi_offer_generator_old.py,method,EnhancedMultiOfferGenerator.render_company_specific_pdf_config,976,1110
multi_offer_generator_old.py,method,EnhancedMultiOfferGenerator.render_enhanced_settings,945,974
multi_offer_generator_old.py,method,MultiCompanyOfferGenerator.__init__,418,422
multi_offer_generator_old.py,method,MultiCompanyOfferGenerator._prepare_project_data_for_pdf,568,587
multi_offer_generator_old.py,method,MultiCompanyOfferGenerator.generate_and_download_offers,236,351
multi_offer_generator_old.py,method,MultiCompanyOfferGenerator.get_available_companies,450,451
multi_offer_generator_old.py,method,MultiCompanyOfferGenerator.initialize_session_state,424,434
multi_offer_generator_old.py,method,MultiCompanyOfferGenerator.load_all_products,436,448
multi_offer_generator_old.py,method,MultiCompanyOfferGenerator.render_company_selection,478,498
multi_offer_generator_old.py,method,MultiCompanyOfferGenerator.render_customer_input,453,476
multi_offer_generator_old.py,method,MultiCompanyOfferGenerator.render_offer_configuration,500,566
multi_offer_generator_old.py,method,MultiCompanyOfferGenerator.render_offer_generation,353,356
options.py,func,convert_to_bool,20,29
options.py,func,display_options_ui,31,52
options.py,func,render_options,58,751
pdf_atomizer.py,func,log,29,31
pdf_atomizer.py,func,main,388,412
pdf_atomizer.py,func,sha256,33,34
pdf_atomizer.py,class,PDFAatomizer,69,380
pdf_atomizer.py,class,PDFAtoms,40,61
pdf_atomizer.py,method,PDFAatomizer.__init__,70,74
pdf_atomizer.py,method,PDFAatomizer._apply_atoms_to_pdf,337,380
pdf_atomizer.py,method,PDFAatomizer._dump_raw_objects,323,332
pdf_atomizer.py,method,PDFAatomizer._extract_catalog,210,213
pdf_atomizer.py,method,PDFAatomizer._extract_embedded_files,281,286
pdf_atomizer.py,method,PDFAatomizer._extract_encrypt,318,321
pdf_atomizer.py,method,PDFAatomizer._extract_header,190,193
pdf_atomizer.py,method,PDFAatomizer._extract_js,288,300
pdf_atomizer.py,method,PDFAatomizer._extract_pages,217,253
pdf_atomizer.py,method,PDFAatomizer._extract_signatures,302,315
pdf_atomizer.py,method,PDFAatomizer._extract_text_positions,259,279
pdf_atomizer.py,method,PDFAatomizer._extract_trailer,206,208
pdf_atomizer.py,method,PDFAatomizer._extract_xref,195,203
pdf_atomizer.py,method,PDFAatomizer._snapshot,133,183
pdf_atomizer.py,method,PDFAatomizer.explode,80,96
pdf_atomizer.py,method,PDFAatomizer.rebuild,98,112
pdf_atomizer.py,method,PDFAatomizer.text_to_yaml,118,128
pdf_atomizer.py,method,PDFAatomizer.to_json,114,116
pdf_atomizer.py,method,PDFAtoms.__init__,45,61
pdf_erstellen_komplett.py,func,_generate_legacy_pdf_optional,28,102
pdf_erstellen_komplett.py,func,_load_texts,16,25
pdf_erstellen_komplett.py,func,_read_json,105,112
pdf_erstellen_komplett.py,func,main,115,148
pdf_erstellen_komplett.py,func,render_ui,151,256
pdf_generator.py,func,_add_product_details_to_story,1377,1519
pdf_generator.py,func,_build_chart_kpi_html,629,668
pdf_generator.py,func,_create_no_data_fallback_pdf,2861,2924
pdf_generator.py,func,_create_product_table_with_image,1355,1375
pdf_generator.py,func,_draw_cover_letter,958,964
pdf_generator.py,func,_draw_cover_page,951,956
pdf_generator.py,func,_draw_custom_content,970,979
pdf_generator.py,func,_draw_extended_analysis,990,1001
pdf_generator.py,func,_draw_offer_table,966,968
pdf_generator.py,func,_generate_complete_salutation_line,1208,1235
pdf_generator.py,func,_get_chart_description,1052,1153
pdf_generator.py,func,_get_image_flowable,907,949
pdf_generator.py,func,_get_next_offer_number,1272,1280
pdf_generator.py,func,_prepare_cost_table_for_pdf,1282,1314
pdf_generator.py,func,_prepare_simulation_table_for_pdf,1316,1353
pdf_generator.py,func,_replace_placeholders,1238,1270
pdf_generator.py,func,_sanitize_chart_title,616,627
pdf_generator.py,func,_update_styles_with_dynamic_colors,875,904
pdf_generator.py,func,_validate_pdf_data_availability,2778,2860
pdf_generator.py,func,create_offer_pdf,1012,1050
pdf_generator.py,func,format_kpi_value,592,614
pdf_generator.py,func,generate_main_template_pdf_bytes,317,354
pdf_generator.py,func,generate_offer_pdf,1522,2717
pdf_generator.py,func,generate_offer_pdf_with_main_templates,356,554
pdf_generator.py,func,get_text,586,590
pdf_generator.py,func,merge_pdfs,2719,2776
pdf_generator.py,func,page_layout_handler,1155,1206
pdf_generator.py,class,PDFGenerator,83,314
pdf_generator.py,class,PageNumCanvas,802,821
pdf_generator.py,class,SetCurrentChapterTitle,869,873
pdf_generator.py,class,SimpleHRFlowable,830,867
pdf_generator.py,method,PDFGenerator.__init__,86,101
pdf_generator.py,method,PDFGenerator._draw_cover_letter,169,176
pdf_generator.py,method,PDFGenerator._draw_cover_page,161,167
pdf_generator.py,method,PDFGenerator._draw_custom_content,246,255
pdf_generator.py,method,PDFGenerator._draw_heatpump_section,215,234
pdf_generator.py,method,PDFGenerator._draw_offer_table,178,210
pdf_generator.py,method,PDFGenerator._get_module_map,236,244
pdf_generator.py,method,PDFGenerator._header_footer,103,134
pdf_generator.py,method,PDFGenerator.create_pdf,136,159
pdf_generator.py,method,PDFGenerator.merge_pdfs,257,314
pdf_generator.py,method,PageNumCanvas.__init__,803,809
pdf_generator.py,method,PageNumCanvas.save,814,821
pdf_generator.py,method,PageNumCanvas.showPage,810,812
pdf_generator.py,method,SetCurrentChapterTitle.__init__,870,870
pdf_generator.py,method,SetCurrentChapterTitle.draw,872,873
pdf_generator.py,method,SetCurrentChapterTitle.wrap,871,871
pdf_generator.py,method,SimpleHRFlowable.__init__,831,838
pdf_generator.py,method,SimpleHRFlowable.draw,840,853
pdf_generator.py,method,SimpleHRFlowable.getSpaceAfter,866,867
pdf_generator.py,method,SimpleHRFlowable.getSpaceBefore,863,864
pdf_generator.py,method,SimpleHRFlowable.wrap,855,861
pdf_helpers.py,func,add_page_title_to_story,47,55
pdf_helpers.py,func,create_section_title_mapping,111,134
pdf_helpers.py,func,create_streamlit_pdf_with_enhanced_headers,171,236
pdf_helpers.py,func,integrate_dynamic_headers_into_existing_pdf,137,167
pdf_helpers.py,func,prepare_pdf_with_correct_page_numbers,58,108
pdf_helpers.py,class,PageTitleSetter,9,26
pdf_helpers.py,class,TotalPagesSetter,29,44
pdf_helpers.py,method,PageTitleSetter.__init__,17,21
pdf_helpers.py,method,PageTitleSetter.draw,23,26
pdf_helpers.py,method,TotalPagesSetter.__init__,36,40
pdf_helpers.py,method,TotalPagesSetter.draw,42,44
pdf_migration.py,func,create_migration_stub,78,161
pdf_migration.py,func,migrate_pdf_systems,16,76
pdf_migration.py,func,render_migration_ui,222,231
pdf_migration.py,func,show_migration_overview,163,219
pdf_preview.py,func,create_preview_thumbnail,329,358
pdf_preview.py,func,render_pdf_preview_interface,110,327
pdf_preview.py,class,PDFPreviewEngine,25,108
pdf_preview.py,method,PDFPreviewEngine.__init__,28,31
pdf_preview.py,method,PDFPreviewEngine._create_cache_key,76,85
pdf_preview.py,method,PDFPreviewEngine.generate_preview_pdf,33,74
pdf_preview.py,method,PDFPreviewEngine.pdf_to_images,87,108
pdf_styles.py,func,get_base_table_style,1305,1306
pdf_styles.py,func,get_color_palette,38,52
pdf_styles.py,func,get_data_table_style,1307,1308
pdf_styles.py,func,get_main_product_table_style,1311,1312
pdf_styles.py,func,get_pdf_stylesheet,1274,1304
pdf_styles.py,func,get_product_table_style,1309,1310
pdf_styles.py,func,render_pdf_theme_manager,1171,1260
pdf_styles.py,class,ColorScheme,60,81
pdf_styles.py,class,PDFThemeManager,118,1169
pdf_styles.py,class,PDFVisualEnhancer,83,116
pdf_styles.py,method,ColorScheme.to_dict,71,81
pdf_styles.py,method,PDFThemeManager.__init__,121,319
pdf_styles.py,method,PDFThemeManager._add_gradient_to_bar,603,607
pdf_styles.py,method,PDFThemeManager._create_3d_cost_breakdown,413,439
pdf_styles.py,method,PDFThemeManager._create_amortization_timeline,441,491
pdf_styles.py,method,PDFThemeManager._create_energy_flow_diagram,493,545
pdf_styles.py,method,PDFThemeManager._create_enhanced_generation_chart,380,411
pdf_styles.py,method,PDFThemeManager._create_gauge_chart,578,601
pdf_styles.py,method,PDFThemeManager._create_roi_dashboard,547,576
pdf_styles.py,method,PDFThemeManager._draw_arrow,632,635
pdf_styles.py,method,PDFThemeManager._draw_circle,623,625
pdf_styles.py,method,PDFThemeManager._draw_diamond,627,630
pdf_styles.py,method,PDFThemeManager._draw_hexagon,617,621
pdf_styles.py,method,PDFThemeManager._draw_rounded_rect,609,615
pdf_styles.py,method,PDFThemeManager._generate_color_palette,1107,1130
pdf_styles.py,method,PDFThemeManager._show_theme_preview,1132,1135
pdf_styles.py,method,PDFThemeManager.create_custom_background,637,686
pdf_styles.py,method,PDFThemeManager.create_custom_theme,1137,1169
pdf_styles.py,method,PDFThemeManager.create_enhanced_chart,337,378
pdf_styles.py,method,PDFThemeManager.initialize_session_state,321,333
pdf_styles.py,method,PDFThemeManager.render_pdf_visual_enhancer,688,856
pdf_styles.py,method,PDFThemeManager.render_theme_selector,866,917
pdf_styles.py,method,PDFThemeManager.render_visualization_settings,919,1105
pdf_styles.py,method,PDFVisualEnhancer.__init__,86,116
pdf_template_engine/dynamic_overlay.py,func,_as_image_reader,52,88
pdf_template_engine/dynamic_overlay.py,func,_draw_company_logo,188,209
pdf_template_engine/dynamic_overlay.py,func,_draw_donut,228,247
pdf_template_engine/dynamic_overlay.py,func,_draw_global_watermark,91,127
pdf_template_engine/dynamic_overlay.py,func,_draw_page1_kpi_donuts,249,293
pdf_template_engine/dynamic_overlay.py,func,_draw_page3_right_chart_and_separator,574,776
pdf_template_engine/dynamic_overlay.py,func,_draw_page4_component_images,779,819
pdf_template_engine/dynamic_overlay.py,func,_draw_top_right_triangle,295,316
pdf_template_engine/dynamic_overlay.py,func,_first_valid_percent,220,226
pdf_template_engine/dynamic_overlay.py,func,_parse_percent,211,218
pdf_template_engine/dynamic_overlay.py,func,_remove_text_from_page,822,871
pdf_template_engine/dynamic_overlay.py,func,_to_bool,39,49
pdf_template_engine/dynamic_overlay.py,func,append_additional_pages,974,987
pdf_template_engine/dynamic_overlay.py,func,generate_custom_offer_pdf,990,1004
pdf_template_engine/dynamic_overlay.py,func,generate_overlay,320,572
pdf_template_engine/dynamic_overlay.py,func,int_to_color,180,185
pdf_template_engine/dynamic_overlay.py,func,merge_with_background,874,971
pdf_template_engine/dynamic_overlay.py,func,parse_coords_file,130,177
pdf_template_engine/merger.py,func,merge_first_seven_pages,8,18
pdf_template_engine/placeholders.py,func,USE_PERFORM_CALCULATIONS,26,32
pdf_template_engine/placeholders.py,func,_fit_to_float,68,72
pdf_template_engine/placeholders.py,func,_normalize_tariff_to_eur_per_kwh,74,80
pdf_template_engine/placeholders.py,func,build_dynamic_data,414,2568
pdf_template_engine/placeholders.py,func,fmt_number,382,411
pdf_template_engine/placeholders.py,func,get_feed_in_tariff_eur_per_kwh,126,127
pdf_template_engine/placeholders.py,func,resolve_feed_in_tariff_eur_per_kwh,83,123
pdf_ui.py,func,_dummy_generate_offer_pdf,29,31
pdf_ui.py,func,_dummy_get_active_company_details,32,33
pdf_ui.py,func,_dummy_list_company_documents,34,35
pdf_ui.py,func,_dummy_load_admin_setting_pdf_ui,21,27
pdf_ui.py,func,_dummy_save_admin_setting_pdf_ui,28,28
pdf_ui.py,func,_get_all_available_chart_keys,67,70
pdf_ui.py,func,_get_all_available_company_doc_ids,72,76
pdf_ui.py,func,get_text_pdf_ui,62,65
pdf_ui.py,func,render_pdf_debug_section,1227,1304
pdf_ui.py,func,render_pdf_ui,79,1159
pdf_ui.py,func,show_advanced_pdf_preview,1162,1224
pdf_widgets.py,func,render_pdf_structure_manager,339,416
pdf_widgets.py,class,PDFSectionManager,24,335
pdf_widgets.py,method,PDFSectionManager.__init__,27,78
pdf_widgets.py,method,PDFSectionManager._render_available_sections,115,124
pdf_widgets.py,method,PDFSectionManager._render_content_editor,218,253
pdf_widgets.py,method,PDFSectionManager._render_custom_section_creator,256,305
pdf_widgets.py,method,PDFSectionManager._render_pdf_structure,126,145
pdf_widgets.py,method,PDFSectionManager._render_pdf_structure_fallback,147,176
pdf_widgets.py,method,PDFSectionManager._render_section_editor,179,216
pdf_widgets.py,method,PDFSectionManager.export_configuration,307,314
pdf_widgets.py,method,PDFSectionManager.import_configuration,316,335
pdf_widgets.py,method,PDFSectionManager.initialize_session_state,81,89
pdf_widgets.py,method,PDFSectionManager.render_drag_drop_interface,92,113
product_attributes.py,func,_ensure_tables,16,34
product_attributes.py,func,bulk_upsert,175,181
product_attributes.py,func,delete_attribute,147,167
product_attributes.py,func,export_attributes_to_csv,185,225
product_attributes.py,func,get_attribute,82,111
product_attributes.py,func,get_attribute_value,170,172
product_attributes.py,func,import_attributes_from_csv,228,266
product_attributes.py,func,list_attributes,114,144
product_attributes.py,func,upsert_attribute,37,79
product_db.py,func,_migrate_product_table_columns,69,140
product_db.py,func,add_product,142,176
product_db.py,func,create_product_table,36,67
product_db.py,func,delete_product,200,210
product_db.py,func,get_product_by_id,237,245
product_db.py,func,get_product_by_model_name,247,256
product_db.py,func,get_product_id_by_model_name,258,273
product_db.py,func,list_product_categories,278,286
product_db.py,func,list_products,212,235
product_db.py,func,update_product,178,198
product_db.py,func,update_product_image,275,276
pv_visuals.py,func,_export_plotly_fig_to_bytes_pv_viz,34,60
pv_visuals.py,func,get_text_pv_viz,16,31
pv_visuals.py,func,render_amortisation_pv_data,171,233
pv_visuals.py,func,render_break_even_pv_data,120,169
pv_visuals.py,func,render_co2_savings_visualization,235,408
pv_visuals.py,func,render_yearly_production_pv_data,62,117
quick_calc.py,func,render_quick_calc,23,56
scenario_manager.py,func,generate_comparison_scenarios,21,28
scenario_manager.py,func,simulate_scenario,11,18
simple_logo_test.py,func,test_direct_logo_fetch,78,94
simple_logo_test.py,func,test_logo_data_preparation,14,76
solar_calculator.py,func,_dummy_get_product_by_model_name,18,19
solar_calculator.py,func,_dummy_list_products,15,16
solar_calculator.py,func,_ensure_project_data_dicts,37,47
solar_calculator.py,func,_get_text,28,34
solar_calculator.py,func,_product_names_by_category,50,70
solar_calculator.py,func,render_solar_calculator,73,291
test_admin_fix.py,func,test_admin_panel_import,13,21
test_admin_fix.py,func,test_defensive_strip,23,38
test_admin_fix.py,func,test_product_data_creation,40,79
test_admin_upload.py,func,test_admin_functions,85,102
test_admin_upload.py,func,test_product_update,12,83
test_admin_workflow.py,func,simulate_admin_panel_workflow,12,77
test_admin_workflow.py,func,test_existing_product_update,79,143
test_brand_logos.py,func,create_test_logo_png,8,50
test_brand_logos.py,func,test_logo_system,52,94
test_final_pdf_logos.py,func,create_test_pdf_with_logos,13,102
test_hp_functions.py,func,run_all_tests,177,210
test_hp_functions.py,func,test_analysis_functions,120,146
test_hp_functions.py,func,test_coords_wp_directory,48,69
test_hp_functions.py,func,test_imports,14,46
test_hp_functions.py,func,test_pdf_functions,148,175
test_hp_functions.py,func,test_placeholders,71,118
test_logo_integration.py,func,run_all_tests,155,197
test_logo_integration.py,func,test_coords_update,126,153
test_logo_integration.py,func,test_logo_database,11,73
test_logo_integration.py,func,test_logo_integration,75,105
test_logo_integration.py,func,test_placeholder_integration,107,124
test_page1_alignment.py,func,test_page1_right_aligned_values,12,31
test_pdf_logos.py,func,test_pdf_with_logos,13,106
test_product_images.py,func,test_product_images,14,69
test_right_alignment.py,func,test_right_aligned_values,12,38
test_roof_data.py,func,test_roof_data_from_analysis,12,49
test_section_titles_logos.py,func,test_section_titles_and_logos,12,116
test_wirtschaftlichkeit.py,func,run_test,10,77
theming/pdf_styles.py,func,get_theme,107,118
tools/custom_dynamic_calculation.py,func,calculate_savings,46,100
tools/custom_dynamic_calculation.py,class,SavingsResult,32,43
tools/import_module_attributes_generic.py,func,_build_module_warranty_text,131,145
tools/import_module_attributes_generic.py,func,_canonical_map,36,111
tools/import_module_attributes_generic.py,func,_ensure_product,150,222
tools/import_module_attributes_generic.py,func,_flatten,452,460
tools/import_module_attributes_generic.py,func,_import_csv_xlsx,344,425
tools/import_module_attributes_generic.py,func,_import_image,505,522
tools/import_module_attributes_generic.py,func,_import_json_yaml,463,479
tools/import_module_attributes_generic.py,func,_import_txt_md,491,502
tools/import_module_attributes_generic.py,func,_load_json,428,435
tools/import_module_attributes_generic.py,func,_load_yaml,438,449
tools/import_module_attributes_generic.py,func,_normalize_record,225,278
tools/import_module_attributes_generic.py,func,_parse_kv_lines,482,488
tools/import_module_attributes_generic.py,func,_process_record,281,341
tools/import_module_attributes_generic.py,func,_to_number,114,128
tools/import_module_attributes_generic.py,func,import_any_from_path,525,582
tools/smoke_crm_save.py,func,main,7,47
tools/test_page3_values.py,func,test_page3_values_baseline,15,32
utils.py,func,format_euro,13,15
utils.py,func,is_valid_email,8,11
utils.py,func,kwh_to_car_km_equivalent,40,56
utils.py,func,kwh_to_flights_equivalent,58,75
utils.py,func,kwh_to_trees_equivalent,21,38
